Gene_Symbol,Control_1,Control_2,Control_3,Treated_1,Treated_2,Treated_3
ACTB,6050,6640,6667,7399,7220,4342
AEN,268,313,314,783,786,708
AKT1,52,75,99,61,134,92
ALAS1,6263,8293,5353,6140,7315,5975
ALK,145,244,381,276,427,188
APAF1,1027,792,772,5640,7827,4211
ATM,842,1572,1345,746,921,733
AURKA,578,515,680,102,298,88
AURKB,938,1195,890,172,218,181
B2M,7487,7704,7374,9033,11072,5602
BAX,296,304,221,726,997,663
BIRC5,215,274,135,40,81,85
BRAF,589,383,624,402,691,369
BRCA1,723,681,852,887,1036,553
BRCA2,1359,1196,940,1302,1627,843
BTG2,202,154,175,699,958,510
BUB1,751,1414,1264,533,373,196
CCNA2,857,713,803,240,229,233
CCNB1,253,168,287,67,143,55
CCNB2,338,541,751,134,214,136
CCNE1,1411,822,1333,134,255,196
CCNG1,821,857,1166,3448,2598,1129
CD4,139,114,178,76,130,66
CD8A,681,837,838,809,892,517
CDC20,411,679,764,122,66,90
CDH1,115,145,133,66,186,111
CDK1,409,595,618,249,293,215
CDKN1A,1112,1105,1155,4039,3854,1918
CENPF,147,333,362,20,67,45
CHEK2,168,208,330,360,273,146
CTNNB1,687,696,844,390,307,286
CXCL8,382,549,729,275,596,314
DDB2,784,582,1764,3017,2651,2501
E2F1,2316,4301,3753,498,661,542
EEF1A1,3481,3185,4138,4371,2765,2082
EGFR,976,883,1163,847,918,607
EGR1,1933,1870,2675,1314,1640,971
ERBB2,82,98,108,120,122,83
FAS,240,350,385,1036,2569,1163
FDXR,308,375,351,1023,1873,834
FOS,310,217,377,190,235,140
FOXM1,737,853,1529,175,169,106
G6PD,55,183,175,141,146,31
GADD45A,427,402,384,938,1099,880
GAPDH,1908,2402,3364,2224,3000,2322
HIF1A,957,1394,1482,1206,628,595
HK2,211,340,311,228,527,190
HPRT1,3357,2860,2676,2381,3609,1490
IL1B,205,368,311,274,307,270
IL6,340,327,148,202,261,263
JAK2,240,322,336,254,345,353
JUN,140,224,125,153,125,64
KIF20A,234,250,229,40,72,75
LDHA,1299,817,1424,992,1049,1612
MAPK1,80,193,159,105,142,76
MAPK3,659,656,997,391,646,407
MCM2,95,143,155,39,119,17
MDM2,338,471,247,1920,2513,1334
MDM4,555,604,574,477,586,395
MKI67,48,37,93,40,32,21
MTOR,81,101,69,58,66,80
MYC,281,217,407,234,500,231
NFKB1,433,450,491,329,673,275
NOTCH1,822,881,877,911,837,633
NRAS,723,910,810,870,1248,882
PGK1,6079,6806,8322,5996,5413,2630
PIK3CA,301,407,337,310,356,360
PKM,195,109,93,109,163,94
PLK1,469,603,954,104,86,86
PLK3,235,202,327,1670,1716,1585
PMAIP1,2591,1902,2066,7191,7751,4029
POLR2A,2153,3868,3884,4079,3069,1681
PPIA,2045,1466,1832,1378,2100,873
PTEN,205,242,279,221,128,246
RB1,291,192,327,268,183,143
RPLP0,10966,9227,13923,7276,11013,9493
RPS27L,183,166,193,397,592,440
RRM2B,554,1068,873,5057,4462,3759
SDHA,4796,10078,11133,8930,10454,5286
SESN1,251,246,286,2009,1735,1330
SESN2,686,699,692,1847,3672,2136
SLC2A1,331,261,374,198,378,295
STAT3,465,554,1163,570,793,489
TBP,1950,2356,2604,1665,2600,1088
TGFB1,51,69,51,76,62,63
TIGAR,139,192,302,674,1135,544
TNF,327,505,538,593,566,290
TNFRSF10B,6059,5128,4409,21761,28120,22575
TOP2A,253,261,308,119,176,125
TP53,59,52,50,48,56,55
TP53I3,249,343,334,404,524,328
TRIAP1,892,1247,1037,3161,7298,6417
UBC,7206,9098,10777,7935,10588,5853
VEGFA,680,869,795,556,515,630
VHL,143,181,124,118,150,53
XPC,1921,1894,1344,5641,5378,3737
YWHAZ,3101,4584,3826,3001,4195,1751
ZMAT3,636,789,1107,1575,1671,1222
