pmid,title,abstract,authors,journal,year,doi,pubmed_url
39450536,TP53 mutations in cancer: Molecular features and therapeutic opportunities (Review).,"The tumour suppressor factor p53 plays an essential role in regulating numerous cellular processes, including the cell cycle, DNA repair, apoptosis, autophagy, cell metabolism and immune response. TP53 is the most commonly mutated gene in human cancers. These mutations are primarily non‑synonymous changes that produce mutant p53 proteins characterized by loss of function, a dominant negative effect on p53 tetramerisation and gain of function (GOF). GOF mutations not only disrupt the tumour‑suppressive activities of p53 but also endow the mutant proteins with new oncogenic properties. Recent studies analysing different pathogenic features of mutant p53 in cancer‑derived cell lines have demonstrated that restoring wild‑type p53, rather than removing GOF mutations, reduces cancer cell growth. These findings suggest that therapeutic strategies for reactivating wild‑type p53 function in cancer cells may bring a greater benefit than approaches halting mutant p53. This approach could involve the use of small molecules, gene therapy and other methods to re‑establish wild‑type p53 activity. This review describes the complexity of the biological activities of different p53 mutants and summarizes the current therapeutic approaches to restore p53 function.",Tornesello ML,International journal of molecular medicine,2025,10.3892/ijmm.2024.5448,https://pubmed.ncbi.nlm.nih.gov/39450536/
30224644,Mutational processes shape the landscape of TP53 mutations in human cancer.,"Unlike most tumor suppressor genes, the most common genetic alterations in tumor protein p53 (TP53) are missense mutations1,2. Mutant p53 protein is often abundantly expressed in cancers and specific allelic variants exhibit dominant-negative or gain-of-function activities in experimental models3-8. To gain a systematic view of p53 function, we interrogated loss-of-function screens conducted in hundreds of human cancer cell lines and performed TP53 saturation mutagenesis screens in an isogenic pair of TP53 wild-type and null cell lines. We found that loss or dominant-negative inhibition of wild-type p53 function reliably enhanced cellular fitness. By integrating these data with the Catalog of Somatic Mutations in Cancer (COSMIC) mutational signatures database9,10, we developed a statistical model that describes the TP53 mutational spectrum as a function of the baseline probability of acquiring each mutation and the fitness advantage conferred by attenuation of p53 activity. Collectively, these observations show that widely-acting and tissue-specific mutational processes combine with phenotypic selection to dictate the frequencies of recurrent TP53 mutations.",Giacomelli AO; Yang X; Lintner RE; McFarland JM; Duby M; Kim J; Howard TP; Takeda DY; Ly SH; Kim E; Gannon HS; Hurhula B; Sharpe T; Goodale A; Fritchman B; Steelman S; Vazquez F; Tsherniak A; Aguirre AJ; Doench JG; Piccioni F; Roberts CWM; Meyerson M; Getz G; Johannessen CM; Root DE; Hahn WC,Nature genetics,2018,10.1038/s41588-018-0204-y,https://pubmed.ncbi.nlm.nih.gov/30224644/
36766853,The Role of TP53 in Adaptation and Evolution.,"The TP53 gene is a major player in cancer formation, and it is considered the most important tumor suppressor gene. The p53 protein acts as a transcription factor, and it is involved in DNA repair, senescence, cell-cycle control, autophagy, and apoptosis. Beyond cancer, there is evidence that TP53 is associated with fertility, aging, and longevity. Additionally, more evidence exists that genetic variants in TP53 are associated with environmental adaptation. Special TP53 amino-acid residues or pathogenic TP53 mutations seem to be adaptive for animals living in hypoxic and cold environments or having been exposed to starvation, respectively. At the somatic level, it has recently been proven that multiple cancer genes, including TP53, are under positive selection in healthy human tissues. It is not clear why these driver mutations do not transform these tissues into cancerous ones. Other studies have shown that elephants have multiple TP53 copies, probably this being the reason for the very low cancer incidence in these large animals. This may explain the famous Peto's paradox. This review discusses in detail the multilevel role of TP53 in adaptation, according to the published evidence. This role is complicated, and it extends from cells to individuals and to populations.",Voskarides K; Giannopoulou N,Cells,2023,10.3390/cells12030512,https://pubmed.ncbi.nlm.nih.gov/36766853/
37743495,Convergent TP53 loss and evolvability in cancer.,"Cancer cell populations evolve by a stepwise process involving natural selection of the fittest variants within a tissue ecosystem context and as modified by therapy. Genomic scrutiny of patient samples reveals an extraordinary diversity of mutational profiles both between patients with similar cancers and within the cancer cell population of individual patients. Does this signify highly divergent evolutionary trajectories or are there repetitive and predictable patterns?Major evolutionary innovations or adaptations in different species are frequently repeated, or convergent, reflecting both common selective pressures and constraints on optimal solutions. We argue this is true of evolving cancer cells, especially with respect to the TP53 gene. Functional loss variants in TP53 are the most common genetic change in cancer. We discuss the likely microenvironmental selective pressures involved and the profound impact this has on cell fitness, evolvability and probability of subsequent drug resistance.",Mansur MB; Greaves M,BMC ecology and evolution,2023,10.1186/s12862-023-02146-6,https://pubmed.ncbi.nlm.nih.gov/37743495/
36739824,Germline TP53 pathogenic variants and breast cancer: A narrative review.,"Approximately 10% of breast cancers are associated with the inheritance of a pathogenic variant (PV) in one of the breast cancer susceptibility genes. Multiple breast cancer predisposing genes, including TP53, are responsible for the increased breast cancer risk. Tumor protein-53 (TP53) germline PVs are associated with Li-Fraumeni syndrome, a rare autosomal dominant inherited cancer predisposition syndrome associated with early-onset pediatric and multiple primary cancers such as soft tissue and bone sarcomas, breast cancer, brain tumors, adrenocortical carcinomas and leukemias. Women harboring a TP53 PV carry a lifetime risk of developing breast cancer of 80-90%. The aim of the present narrative review is to provide a comprehensive overview of the criteria for offering TP53 testing, prevalence of TP53 carriers among patients with breast cancer, and what is known about its prognostic and therapeutic implications. A summary of the current indications of secondary cancer surveillance and survivorship issues are also provided. Finally, the spectrum of TP53 alteration and testing is discussed. The optimal strategies for the treatment of breast cancer in patients harboring TP53 PVs poses certain challenges. Current guidelines favor the option of performing mastectomy rather than lumpectomy to avoid adjuvant radiotherapy and subsequent risk of radiation-induced second primary malignancies, with careful consideration of radiation when indicated post-mastectomy. Some studies suggest that patients with breast cancer and germline TP53 PV might have worse survival outcomes compared to patients with breast cancer and wild type germline TP53 status. Annual breast magnetic resonance imaging (MRI) and whole-body MRI are recommended as secondary prevention.",Blondeaux E; Arecco L; Punie K; Graffeo R; Toss A; De Angelis C; Trevisan L; Buzzatti G; Linn SC; Dubsky P; Cruellas M; Partridge AH; Balmaña J; Paluch-Shimon S; Lambertini M,Cancer treatment reviews,2023,10.1016/j.ctrv.2023.102522,https://pubmed.ncbi.nlm.nih.gov/36739824/
31365877,Integrated Analysis of TP53 Gene and Pathway Alterations in The Cancer Genome Atlas.,"The TP53 tumor suppressor gene is frequently mutated in human cancers. An analysis of five data platforms in 10,225 patient samples from 32 cancers reported by The Cancer Genome Atlas (TCGA) enables comprehensive assessment of p53 pathway involvement in these cancers. More than 91% of TP53-mutant cancers exhibit second allele loss by mutation, chromosomal deletion, or copy-neutral loss of heterozygosity. TP53 mutations are associated with enhanced chromosomal instability, including increased amplification of oncogenes and deep deletion of tumor suppressor genes. Tumors with TP53 mutations differ from their non-mutated counterparts in RNA, miRNA, and protein expression patterns, with mutant TP53 tumors displaying enhanced expression of cell cycle progression genes and proteins. A mutant TP53 RNA expression signature shows significant correlation with reduced survival in 11 cancer types. Thus, TP53 mutation has profound effects on tumor cell genomic structure, expression, and clinical outlook.",Donehower LA; Soussi T; Korkut A; Liu Y; Schultz A; Cardenas M; Li X; Babur O; Hsu TK; Lichtarge O; Weinstein JN; Akbani R; Wheeler DA,Cell reports,2019,10.1016/j.celrep.2019.07.001,https://pubmed.ncbi.nlm.nih.gov/31365877/
37877779,"Loss-of-Function but Not Gain-of-Function Properties of Mutant TP53 Are Critical for the Proliferation, Survival, and Metastasis of a Broad Range of Cancer Cells.","Mutations in the tumor suppressor TP53 cause cancer and impart poor chemotherapeutic responses, reportedly through loss-of-function, dominant-negative effects and gain-of-function (GOF) activities. The relative contributions of these attributes is unknown. We found that removal of 12 different TP53 mutants with reported GOFs by CRISPR/Cas9 did not impact proliferation and response to chemotherapeutics of 15 human cancer cell lines and colon cancer-derived organoids in culture. Moreover, removal of mutant TP53/TRP53 did not impair growth or metastasis of human cancers in immune-deficient mice or growth of murine cancers in immune-competent mice. DepMap mining revealed that removal of 158 different TP53 mutants had no impact on the growth of 391 human cancer cell lines. In contrast, CRISPR-mediated restoration of wild-type TP53 extinguished the growth of human cancer cells in vitro. These findings demonstrate that LOF but not GOF effects of mutant TP53/TRP53 are critical to sustain expansion of many tumor types. SIGNIFICANCE: This study provides evidence that removal of mutant TP53, thereby deleting its reported GOF activities, does not impact the survival, proliferation, metastasis, or chemotherapy responses of cancer cells. Thus, approaches that abrogate expression of mutant TP53 or target its reported GOF activities are unlikely to exert therapeutic impact in cancer. See related commentary by Lane, p. 211 . This article is featured in Selected Articles from This Issue, p. 201.",Wang Z; Burigotto M; Ghetti S; Vaillant F; Tan T; Capaldo BD; Palmieri M; Hirokawa Y; Tai L; Simpson DS; Chang C; Huang AS; Lieschke E; Diepstraten ST; Kaloni D; Riffkin C; Huang DCS; Li Wai Suen CSN; Garnham AL; Gibbs P; Visvader JE; Sieber OM; Herold MJ; Fava LL; Kelly GL; Strasser A,Cancer discovery,2024,10.1158/2159-8290.CD-23-0402,https://pubmed.ncbi.nlm.nih.gov/37877779/
40066944,"TP53 -Mutated Myeloid Neoplasms: 2024 Update on Diagnosis, Risk-Stratification, and Management.","Alterations in the tumor suppressor gene TP53 are common in human cancers and are associated with an aggressive nature. Approximately 8%-12% of myelodysplastic syndrome (MDS) and acute myeloid leukemia (AML) harbor TP53 mutations (TP53 mut) and present immense challenges due to inherent chemoresistance and poor outcomes. As TP53 mut are more common in older individuals and those with secondary/therapy-related myeloid neoplasms (MN), their incidence is expected to increase with an aging population and rising proportion of cancer survivors. Treatments used for other MN-intensive chemotherapy, hypomethylating agents, and the BCL-2 inhibitor venetoclax-do not improve the survival of TP53 mut MN patients meaningfully. Additionally, further development of many promising agents has been discontinued, highlighting the challenges. Widespread acknowledgment of these problems led to the recognition of TP53 mut MN as a distinct entity in the 5th edition of the World Health Organization and International Consensus Classifications. However, critical discrepancies between the two classifications may lead to under- or overestimation of the prognostic risk. Here, we review recent advances in the biology, diagnosis, and treatment of TP53 mut MN. The development of TP53 mut MN is positioned at the intersection of age, hereditary predisposition, and anti-cancer therapies. Precursor TP53 mut clones can be detected years prior to the eventual leukemic transformation-raising the possibility of early intervention. We discuss the two classification systems and the bearing of the discrepancies between the two on timely and effective management. We provide novel evidence in the areas of discrepancies. Finally, we review the current therapeutic landscape and the obvious limitations of the currently used therapies.",Shah MV; Arber DA; Hiwase DK,American journal of hematology,2025,10.1002/ajh.27655,https://pubmed.ncbi.nlm.nih.gov/40066944/
21331359,TP53 mutations in nonsmall cell lung cancer.,"The tumor suppressor gene TP53 is frequently mutated in human cancers. Abnormality of the TP53 gene is one of the most significant events in lung cancers and plays an important role in the tumorigenesis of lung epithelial cells. Human lung cancers are classified into two major types, small cell lung cancer (SCLC) and nonsmall cell lung cancer (NSCLC). The latter accounts for approximately 80% of all primary lung cancers, and the incidence of NSCLC is increasing yearly. Most clinical studies suggest that NSCLC with TP53 alterations carries a worse prognosis and may be relatively more resistant to chemotherapy and radiation. A deep understanding of the role of TP53 in lung carcinogenesis may lead to a more reasonably targeted clinical approach, which should be exploited to enhance the survival rates of patients with lung cancer. This paper will focus on the role of TP53 in the molecular pathogenesis, epidemiology, and therapeutic strategies of TP53 mutation in NSCLC.",Mogi A; Kuwano H,Journal of biomedicine & biotechnology,2011,10.1155/2011/583929,https://pubmed.ncbi.nlm.nih.gov/21331359/
38729160,Understanding the complexity of p53 in a new era of tumor suppression.,"p53 was discovered 45 years ago as an SV40 large T antigen binding protein, coded by the most frequently mutated TP53 gene in human cancers. As a transcription factor, p53 is tightly regulated by a rich network of post-translational modifications to execute its diverse functions in tumor suppression. Although early studies established p53-mediated cell-cycle arrest, apoptosis, and senescence as the classic barriers in cancer development, a growing number of new functions of p53 have been discovered and the scope of p53-mediated anti-tumor activity is largely expanded. Here, we review the complexity of different layers of p53 regulation, and the recent advance of the p53 pathway in metabolism, ferroptosis, immunity, and others that contribute to tumor suppression. We also discuss the challenge regarding how to activate p53 function specifically effective in inhibiting tumor growth without harming normal homeostasis for cancer therapy.",Liu Y; Su Z; Tavana O; Gu W,Cancer cell,2024,10.1016/j.ccell.2024.04.009,https://pubmed.ncbi.nlm.nih.gov/38729160/
27328919,TP53 Variations in Human Cancers: New Lessons from the IARC TP53 Database and Genomics Data.,"TP53 gene mutations are one of the most frequent somatic events in cancer. The IARC TP53 Database (http://p53.iarc.fr) is a popular resource that compiles occurrence and phenotype data on TP53 germline and somatic variations linked to human cancer. The deluge of data coming from cancer genomic studies generates new data on TP53 variations and attracts a growing number of database users for the interpretation of TP53 variants. Here, we present the current contents and functionalities of the IARC TP53 Database and perform a systematic analysis of TP53 somatic mutation data extracted from this database and from genomic data repositories. This analysis showed that IARC has more TP53 somatic mutation data than genomic repositories (29,000 vs. 4,000). However, the more complete screening achieved by genomic studies highlighted some overlooked facts about TP53 mutations, such as the presence of a significant number of mutations occurring outside the DNA-binding domain in specific cancer types. We also provide an update on TP53 inherited variants including the ones that should be considered as neutral frequent variations. We thus provide an update of current knowledge on TP53 variations in human cancer as well as inform users on the efficient use of the IARC TP53 Database.",Bouaoun L; Sonkin D; Ardin M; Hollstein M; Byrnes G; Zavadil J; Olivier M,Human mutation,2016,10.1002/humu.23035,https://pubmed.ncbi.nlm.nih.gov/27328919/
27815305,TP53 Mutations in Breast and Ovarian Cancer.,"Breast and ovarian cancers are the second and fifth leading causes of cancer deaths among women. Both breast and ovarian cancers are highly heterogeneous and are presented with diverse morphology, natural history, and response to therapy. In recent years, international efforts have led to extensive molecular characterization of both breast and ovarian tumors and identified biologically and clinically relevant subtypes of the diseases based on these molecular features. The role of TP53 in tumor initiation and progression is context dependent, and abrogation of the TP53 pathway seems to be essential for the development of basal-like breast cancers and high-grade serous ovarian cancers. These subtypes of breast and ovarian cancer show several genomic similarities including high frequency of TP53 mutation, which seems to be an early, initiating, and driving alteration in these cancer subtypes.",Silwal-Pandit L; Langerød A; Børresen-Dale AL,Cold Spring Harbor perspectives in medicine,2017,10.1101/cshperspect.a026252,https://pubmed.ncbi.nlm.nih.gov/27815305/
34583722,Targeting mutant p53 for cancer therapy: direct and indirect strategies.,"TP53 is a critical tumor-suppressor gene that is mutated in more than half of all human cancers. Mutations in TP53 not only impair its antitumor activity, but also confer mutant p53 protein oncogenic properties. The p53-targeted therapy approach began with the identification of compounds capable of restoring/reactivating wild-type p53 functions or eliminating mutant p53. Treatments that directly target mutant p53 are extremely structure and drug-species-dependent. Due to the mutation of wild-type p53, multiple survival pathways that are normally maintained by wild-type p53 are disrupted, necessitating the activation of compensatory genes or pathways to promote cancer cell survival. Additionally, because the oncogenic functions of mutant p53 contribute to cancer proliferation and metastasis, targeting the signaling pathways altered by p53 mutation appears to be an attractive strategy. Synthetic lethality implies that while disruption of either gene alone is permissible among two genes with synthetic lethal interactions, complete disruption of both genes results in cell death. Thus, rather than directly targeting p53, exploiting mutant p53 synthetic lethal genes may provide additional therapeutic benefits. Additionally, research progress on the functions of noncoding RNAs has made it clear that disrupting noncoding RNA networks has a favorable antitumor effect, supporting the hypothesis that targeting noncoding RNAs may have potential synthetic lethal effects in cancers with p53 mutations. The purpose of this review is to discuss treatments for cancers with mutant p53 that focus on directly targeting mutant p53, restoring wild-type functions, and exploiting synthetic lethal interactions with mutant p53. Additionally, the possibility of noncoding RNAs acting as synthetic lethal targets for mutant p53 will be discussed.",Hu J; Cao J; Topatana W; Juengpanich S; Li S; Zhang B; Shen J; Cai L; Cai X; Chen M,Journal of hematology & oncology,2021,10.1186/s13045-021-01169-0,https://pubmed.ncbi.nlm.nih.gov/34583722/
28077799,KRAS and TP53 mutations in inflammatory bowel disease-associated colorectal cancer: a meta-analysis.,"Although KRAS and TP53 mutations are common in both inflammatory bowel disease-associated colorectal cancer (IBD-CRC) and sporadic colorectal cancer (S-CRC), molecular events leading to carcinogenesis may be different. Previous studies comparing the frequency of KRAS and TP53 mutations in IBD-CRC and S-CRC were inconsistent. We performed a meta-analysis to compare the presence of KRAS and TP53 mutations among patients with IBD-CRC, S-CRC, and IBD without dysplasia. A total of 19 publications (482 patients with IBD-CRC, 4,222 with S-CRC, 281 with IBD without dysplasia) met the study inclusion criteria. KRAS mutation was less frequent (RR=0.71, 95%CI 0.56-0.90; P=0.004) while TP53 mutation was more common (RR=1.24, 95%CI 1.10-1.39; P<0.001) in patients with IBD-CRC compared to S-CRC. Both KRAS (RR=3.09, 95%CI 1.47-6.51; P=0.003) and TP53 (RR=2.15, 95%CI 1.07-4.31 P=0.03) mutations were more prevalent in patients with IBD-CRC compared to IBD without dysplasia. In conclusion, IBD-CRC and S-CRC appear to have biologically different molecular pathways. TP53 appears to be more important than KRAS in IBD-CRC compared to S-CRC. Our findings suggest possible roles of TP53 and KRAS as biomarkers for cancer and dysplasia screening among patients with IBD and may also provide targeted therapy in patients with IBD-CRC.",Du L; Kim JJ; Shen J; Chen B; Dai N,Oncotarget,2017,10.18632/oncotarget.14549,https://pubmed.ncbi.nlm.nih.gov/28077799/
35883598,Effects of TP53 Mutations and miRs on Immune Responses in the Tumor Microenvironment Important in Pancreatic Cancer Progression.,"Approximately 90% of pancreatic cancers are pancreatic ductal adenocarcinomas (PDAC). PDAC is the fourth leading cause of cancer death world-wide. Therapies for PDAC are largely ineffective due to the dense desmoplastic tumor microenvironment which prevents chemotherapeutic drugs and small molecule inhibitors from exerting effective anti-cancer effects. In this review, we will discuss the roles of TP53 and miRs on the PDAC tumor microenvironment and how loss of the normal functions of TP53 promote tumor progression. The TP53 gene is mutated in approximately 50% of pancreatic cancers. Often, these TP53 mutations are point mutations which confer additional functions for the TP53 proteins. These are called gain of function (GOF) mutations (mut). Another class of TP53 mutations are deletions which result in loss of the TP53 protein; these are referred to TP53-null mutations. We have organized this review into various components/properties of the PDAC microenvironment and how they may be altered in the presence of mutant TP53 and loss of certain miR expression.",McCubrey JA; Yang LV; Abrams SL; Steelman LS; Follo MY; Cocco L; Ratti S; Martelli AM; Augello G; Cervello M,Cells,2022,10.3390/cells11142155,https://pubmed.ncbi.nlm.nih.gov/35883598/
